番号,年,人気投票,作品
7.5,2004,3,萃夢想
9.5,2005,5,文花帖
10.5,2008,5,緋想天
12.3,2009,6,非想天則
12.5,2010,7,ダブルスポイラー
12.8,2010,7,妖精大戦争
13.5,2013,9,心綺楼
14.3,2014,10,天邪鬼
14.5,2015,11,深秘録
15.5,2017,13,憑依華
16.5,2018,14,秘封ナイトメアダイアリー
17.5,2021,16,剛欲異聞
18.5,2022,18,バレットフィリア達の闇市場